0,quarter_final,2018,6334,10
1,SemiFinal,2018,5663,8
2,Final,2018,9874,9
3,quarter_final,2018,3793,2
4,quarter_final,2018,7284,10
5,16th,2018,1734,9
6,16th,2018,3150,10
7,SemiFinal,2018,7127,1
8,quarter_final,2018,4101,4
9,16th,2018,5997,9
10,quarter_final,2018,5956,10
11,quarter_final,2018,9382,1
12,Final,2018,8118,8
13,Final,2018,9485,4
14,Final,2018,6571,8
15,quarter_final,2018,5290,1
16,16th,2018,6376,2
17,SemiFinal,2018,6674,7
18,16th,2018,8116,5
19,16th,2018,7735,6
20,16th,2018,9253,10
21,quarter_final,2018,8683,7
22,SemiFinal,2018,6476,6
23,quarter_final,2018,2548,3
24,16th,2018,8397,7
25,Final,2018,5509,4
26,16th,2018,3086,2
27,quarter_final,2018,8182,2
28,SemiFinal,2018,3986,8
29,16th,2018,2061,1
30,16th,2018,7668,4
31,16th,2018,1550,1
32,Final,2018,2430,10
33,quarter_final,2018,7201,1
34,Final,2018,9709,6
35,Final,2018,1330,10
36,SemiFinal,2018,1191,1
37,SemiFinal,2018,4282,3
38,quarter_final,2018,5000,8
39,16th,2018,2309,7
40,16th,2018,1976,2
41,Final,2018,9319,8
42,quarter_final,2018,1238,8
43,SemiFinal,2018,8362,7
44,Final,2018,3024,4
45,SemiFinal,2018,3977,1
46,SemiFinal,2018,5511,2
47,Final,2018,7499,8
48,Final,2018,7072,9
49,SemiFinal,2018,8911,1
50,16th,2018,5492,4
51,Final,2018,3090,6
52,Final,2018,7005,2
53,quarter_final,2018,2510,9
54,16th,2018,5922,1
55,SemiFinal,2018,2281,4
56,16th,2018,3589,6
57,16th,2018,4294,6
58,Final,2018,7727,5
59,Final,2018,4444,4
60,quarter_final,2018,1077,2
61,quarter_final,2018,3948,6
62,SemiFinal,2018,9549,10
63,16th,2018,9032,7
64,quarter_final,2018,3577,10
65,SemiFinal,2018,3472,9
66,SemiFinal,2018,9028,2
67,16th,2018,5398,7
68,SemiFinal,2018,6229,1
69,16th,2018,4786,5
70,Final,2018,7965,6
71,Final,2018,4338,9
72,SemiFinal,2018,3160,1
73,quarter_final,2018,2094,9
74,quarter_final,2018,6921,8
75,Final,2018,2010,5
76,quarter_final,2018,5752,8
77,Final,2018,8449,10
78,Final,2018,4865,7
79,quarter_final,2018,2796,5
80,16th,2018,8215,3
81,quarter_final,2018,3639,3
82,SemiFinal,2018,8567,5
83,16th,2018,5335,9
84,quarter_final,2018,1805,4
85,Final,2018,8794,1
86,SemiFinal,2018,1441,5
87,16th,2018,9325,9
88,SemiFinal,2018,1983,5
89,Final,2018,5706,5
90,Final,2018,6423,2
91,SemiFinal,2018,4539,2
92,Final,2018,2148,8
93,SemiFinal,2018,7660,3
94,quarter_final,2018,1538,10
95,SemiFinal,2018,5246,2
96,16th,2018,3585,5
97,16th,2018,3328,5
98,Final,2018,5181,2
99,quarter_final,2018,9939,8
100,16th,2018,3930,8
101,16th,2018,6035,6
102,quarter_final,2018,9841,1
103,16th,2018,2026,4
104,quarter_final,2018,2032,2
105,SemiFinal,2018,8141,2
106,16th,2018,5240,6
107,SemiFinal,2018,3136,1
108,SemiFinal,2018,4417,5
109,16th,2018,1512,2
110,quarter_final,2018,8836,3
111,Final,2018,8246,7
112,16th,2018,7842,10
113,quarter_final,2018,2022,4
114,Final,2018,9577,3
115,Final,2018,7098,3
116,quarter_final,2018,1266,5
117,SemiFinal,2018,8614,10
118,SemiFinal,2018,5405,1
119,SemiFinal,2018,9217,5
120,SemiFinal,2018,1552,5
121,SemiFinal,2018,7107,5
122,quarter_final,2018,6760,9
123,Final,2018,4135,5
124,16th,2018,9100,7
125,16th,2018,9761,1
126,16th,2018,2695,10
127,16th,2018,2436,2
128,Final,2018,8114,9
129,16th,2018,4133,10
130,quarter_final,2018,1131,2
131,SemiFinal,2018,2580,10
132,Final,2018,5330,4
133,Final,2018,7368,5
134,SemiFinal,2018,9496,8
135,SemiFinal,2018,1986,8
136,16th,2018,4092,9
137,16th,2018,7016,10
138,quarter_final,2018,1560,2
139,Final,2018,1745,6
140,Final,2018,9025,2
141,quarter_final,2018,1915,1
142,quarter_final,2018,3405,8
143,16th,2018,3503,5
144,16th,2018,2269,2
145,Final,2018,2672,6
146,SemiFinal,2018,3310,1
147,quarter_final,2018,3199,3
148,16th,2018,8528,10
149,Final,2018,8756,7
150,16th,2018,7466,2
151,SemiFinal,2018,1883,9
152,quarter_final,2018,9219,6
153,quarter_final,2018,5374,2
154,quarter_final,2018,6352,9
155,SemiFinal,2018,7468,5
156,SemiFinal,2018,1247,4
157,Final,2018,3392,7
158,Final,2018,4240,8
159,Final,2018,6703,9
160,SemiFinal,2018,2297,6
161,16th,2018,6067,6
162,Final,2018,8491,5
163,SemiFinal,2018,9596,5
164,quarter_final,2018,9953,2
165,16th,2018,9222,7
166,quarter_final,2018,4197,4
167,SemiFinal,2018,6957,6
168,16th,2018,6353,8
169,quarter_final,2018,4803,7
170,quarter_final,2018,4683,6
171,Final,2018,2696,2
172,Final,2018,8027,7
173,16th,2018,4053,8
174,16th,2018,7192,3
175,quarter_final,2018,9107,7
176,SemiFinal,2018,3651,7
177,quarter_final,2018,2618,4
178,SemiFinal,2018,1643,9
179,SemiFinal,2018,3434,9
180,SemiFinal,2018,2883,6
181,Final,2018,8401,10
182,quarter_final,2018,1947,2
183,quarter_final,2018,2479,1
184,quarter_final,2018,2437,8
185,SemiFinal,2018,8024,1
186,16th,2018,9075,3
187,16th,2018,6158,4
188,Final,2018,1474,6
189,16th,2018,1717,10
190,SemiFinal,2018,6608,9
191,SemiFinal,2018,6394,9
192,quarter_final,2018,9897,10
193,16th,2018,3471,5
194,16th,2018,7520,4
195,16th,2018,2009,5
196,16th,2018,1331,2
197,16th,2018,7209,1
198,quarter_final,2018,9085,1
199,16th,2018,8056,5
200,16th,2018,9059,1
201,SemiFinal,2018,7418,5
202,SemiFinal,2018,3967,2
203,quarter_final,2018,7739,8
204,16th,2018,9195,7
205,SemiFinal,2018,2140,1
206,SemiFinal,2018,9593,4
207,SemiFinal,2018,7324,9
208,SemiFinal,2018,2169,1
209,Final,2018,1975,4
210,quarter_final,2018,4779,6
211,SemiFinal,2018,7343,1
212,quarter_final,2018,9631,6
213,Final,2018,2737,10
214,16th,2018,4301,3
215,SemiFinal,2018,2415,8
216,Final,2018,9161,3
217,quarter_final,2018,9068,4
218,quarter_final,2018,2363,7
219,SemiFinal,2018,3240,9
220,SemiFinal,2018,5674,8
221,16th,2018,6316,1
222,SemiFinal,2018,2277,10
223,SemiFinal,2018,8697,5
224,Final,2018,8407,6
225,16th,2018,8276,7
226,quarter_final,2018,2790,5
227,Final,2018,3733,5
228,16th,2018,1844,3
229,16th,2018,8036,10
230,quarter_final,2018,6684,7
231,Final,2018,4190,5
232,SemiFinal,2018,4173,4
233,Final,2018,6025,8
234,SemiFinal,2018,7832,4
235,quarter_final,2018,2805,8
236,SemiFinal,2018,9700,9
237,16th,2018,8290,5
238,quarter_final,2018,6380,9
239,SemiFinal,2018,5169,8
240,quarter_final,2018,5178,1
241,quarter_final,2018,8682,6
242,16th,2018,7538,5
243,Final,2018,4474,10
244,16th,2018,9256,1
245,Final,2018,1783,2
246,Final,2018,1564,7
247,Final,2018,3882,8
248,16th,2018,9236,9
249,SemiFinal,2018,2646,6
250,quarter_final,2018,5182,4
251,SemiFinal,2018,6200,7
252,quarter_final,2018,6833,9
253,16th,2018,5736,7
254,16th,2018,2321,3
255,SemiFinal,2018,9033,6
256,16th,2018,6102,10
257,quarter_final,2018,4942,10
258,16th,2018,7761,9
259,Final,2018,7389,7
260,Final,2018,7913,6
261,Final,2018,2668,9
262,16th,2018,8022,6
263,Final,2018,8395,8
264,16th,2018,7900,3
265,16th,2018,5261,1
266,quarter_final,2018,9184,8
267,Final,2018,6137,6
268,quarter_final,2018,1284,10
269,16th,2018,9451,2
270,16th,2018,7276,7
271,16th,2018,8227,1
272,SemiFinal,2018,2467,3
273,SemiFinal,2018,5185,6
274,SemiFinal,2018,4700,10
275,16th,2018,3870,3
276,16th,2018,7835,6
277,quarter_final,2018,8320,7
278,16th,2018,6748,2
279,quarter_final,2018,3425,5
280,SemiFinal,2018,2882,3
281,SemiFinal,2018,9034,9
282,SemiFinal,2018,3455,9
283,Final,2018,6992,10
284,quarter_final,2018,3116,7
285,SemiFinal,2018,9526,10
286,Final,2018,6096,8
287,16th,2018,3350,4
288,16th,2018,4683,10
289,quarter_final,2018,9481,10
290,Final,2018,5909,3
291,SemiFinal,2018,1125,3
292,Final,2018,4620,2
293,Final,2018,3677,6
294,Final,2018,9903,8
295,quarter_final,2018,2452,1
296,16th,2018,5395,3
297,Final,2018,2681,10
298,Final,2018,5357,8
299,quarter_final,2018,8405,3
300,SemiFinal,2018,3094,1
301,Final,2018,4012,9
302,quarter_final,2018,9182,6
303,SemiFinal,2018,4856,3
304,16th,2018,3183,5
305,quarter_final,2018,2527,6
306,16th,2018,4398,10
307,quarter_final,2018,9113,8
308,Final,2018,6594,9
309,Final,2018,4671,10
310,SemiFinal,2018,8600,1
311,Final,2018,5090,6
312,quarter_final,2018,1702,1
313,Final,2018,2372,9
314,quarter_final,2018,9635,10
315,Final,2018,8886,8
316,SemiFinal,2018,3184,1
317,Final,2018,7074,8
318,16th,2018,9360,9
319,Final,2018,8923,3
320,Final,2018,2098,8
321,SemiFinal,2018,5465,1
322,16th,2018,9639,7
323,16th,2018,2137,4
324,Final,2018,1522,8
325,SemiFinal,2018,2778,10
326,16th,2018,6098,10
327,SemiFinal,2018,5492,1
328,SemiFinal,2018,7791,2
329,SemiFinal,2018,5201,2
330,quarter_final,2018,4786,2
331,Final,2018,2219,8
332,Final,2018,3078,5
333,16th,2018,3193,7
334,SemiFinal,2018,1726,10
335,quarter_final,2018,4132,8
336,16th,2018,9979,1
337,16th,2018,9801,9
338,SemiFinal,2018,2451,2
339,16th,2018,2470,9
340,quarter_final,2018,9338,6
341,16th,2018,1833,10
342,quarter_final,2018,1470,2
343,quarter_final,2018,5913,4
344,Final,2018,8388,9
345,quarter_final,2018,6417,8
346,16th,2018,8156,4
347,16th,2018,3756,3
348,SemiFinal,2018,9151,2
349,16th,2018,6391,2
350,SemiFinal,2018,2099,4
351,quarter_final,2018,1540,1
352,16th,2018,6430,4
353,Final,2018,8994,7
354,SemiFinal,2018,4691,8
355,Final,2018,9037,3
356,16th,2018,3888,8
357,16th,2018,3672,9
358,quarter_final,2018,7972,7
359,16th,2018,7760,2
360,Final,2018,3947,10
361,Final,2018,4169,5
362,Final,2018,5611,8
363,Final,2018,1584,9
364,Final,2018,3824,4
365,16th,2018,2526,9
366,quarter_final,2018,4632,2
367,Final,2018,1570,4
368,quarter_final,2018,3954,1
369,quarter_final,2018,1545,5
370,quarter_final,2018,1807,2
371,Final,2018,6952,6
372,quarter_final,2018,1040,7
373,16th,2018,7458,9
374,SemiFinal,2018,1592,9
375,SemiFinal,2018,5673,3
376,Final,2018,5241,7
377,Final,2018,6771,6
378,16th,2018,7552,2
379,quarter_final,2018,2031,6
380,quarter_final,2018,1551,7
381,SemiFinal,2018,8834,2
382,16th,2018,3214,7
383,16th,2018,6765,4
384,Final,2018,6324,1
385,SemiFinal,2018,1649,8
386,SemiFinal,2018,7163,9
387,quarter_final,2018,2213,4
388,Final,2018,8288,9
389,Final,2018,1547,2
390,SemiFinal,2018,7321,7
391,SemiFinal,2018,2475,4
392,16th,2018,9164,4
393,Final,2018,7541,9
394,Final,2018,3373,1
395,16th,2018,7289,8
396,quarter_final,2018,7656,1
397,Final,2018,4414,8
398,SemiFinal,2018,5600,10
399,16th,2018,7606,2
400,16th,2018,8689,2
401,SemiFinal,2018,5909,1
402,quarter_final,2018,5095,3
403,16th,2018,2356,4
404,SemiFinal,2018,6110,1
405,16th,2018,1646,7
406,SemiFinal,2018,7963,9
407,16th,2018,9654,6
408,16th,2018,3385,3
409,quarter_final,2018,6792,7
410,SemiFinal,2018,1747,1
411,SemiFinal,2018,5684,8
412,Final,2018,8874,3
413,quarter_final,2018,7638,10
414,SemiFinal,2018,6557,5
415,16th,2018,5419,8
416,quarter_final,2018,2231,3
417,SemiFinal,2018,3529,5
418,16th,2018,5501,8
419,Final,2018,9149,5
420,Final,2018,7751,6
421,quarter_final,2018,3462,3
422,quarter_final,2018,1589,2
423,16th,2018,2513,2
424,Final,2018,5974,5
425,SemiFinal,2018,2113,6
426,SemiFinal,2018,8219,5
427,Final,2018,2448,6
428,16th,2018,3994,3
429,Final,2018,7078,1
430,quarter_final,2018,9945,6
431,quarter_final,2018,2253,3
432,16th,2018,7315,4
433,Final,2018,5464,3
434,Final,2018,1998,8
435,16th,2018,2870,2
436,16th,2018,9305,8
437,SemiFinal,2018,9480,10
438,Final,2018,9450,10
439,quarter_final,2018,5364,2
440,quarter_final,2018,3911,2
441,SemiFinal,2018,3211,9
442,16th,2018,9951,1
443,Final,2018,8445,9
444,16th,2018,5470,6
445,quarter_final,2018,7632,3
446,16th,2018,7764,1
447,16th,2018,3194,2
448,SemiFinal,2018,3731,8
449,quarter_final,2018,6853,7
450,16th,2018,9260,8
451,SemiFinal,2018,4920,5
452,quarter_final,2018,2730,2
453,Final,2018,6526,5
454,16th,2018,1004,8
455,Final,2018,9063,3
456,16th,2018,5187,9
457,Final,2018,8322,3
458,SemiFinal,2018,1209,6
459,SemiFinal,2018,7826,5
460,SemiFinal,2018,1858,1
461,SemiFinal,2018,6985,3
462,16th,2018,9272,7
463,quarter_final,2018,4938,6
464,16th,2018,6973,3
465,SemiFinal,2018,8021,5
466,Final,2018,7560,1
467,16th,2018,5595,4
468,16th,2018,7678,5
469,quarter_final,2018,7724,4
470,Final,2018,2139,2
471,Final,2018,2153,1
472,Final,2018,7016,6
473,16th,2018,4840,6
474,quarter_final,2018,8802,7
475,quarter_final,2018,2607,5
476,SemiFinal,2018,2021,1
477,SemiFinal,2018,2060,7
478,quarter_final,2018,1207,7
479,Final,2018,9244,1
480,16th,2018,3494,6
481,16th,2018,6779,8
482,16th,2018,6148,2
483,16th,2018,1524,7
484,16th,2018,7331,2
485,quarter_final,2018,2655,10
486,Final,2018,5977,9
487,16th,2018,8504,6
488,Final,2018,5898,7
489,16th,2018,9506,4
490,16th,2018,6004,3
491,16th,2018,2659,5
492,quarter_final,2018,4284,4
493,16th,2018,5260,9
494,SemiFinal,2018,9497,9
495,Final,2018,9097,3
496,Final,2018,8714,1
497,SemiFinal,2018,4219,4
498,SemiFinal,2018,6369,7
499,quarter_final,2018,9573,8
500,SemiFinal,2018,4031,5
501,Final,2018,9264,2
502,16th,2018,3152,4
503,SemiFinal,2018,2950,2
504,SemiFinal,2018,4543,1
505,quarter_final,2018,4347,4
506,16th,2018,8743,2
507,16th,2018,4581,9
508,16th,2018,4621,9
509,SemiFinal,2018,4990,5
510,Final,2018,1625,9
511,SemiFinal,2018,8992,5
512,SemiFinal,2018,7841,5
513,16th,2018,3942,3
514,quarter_final,2018,8370,6
515,quarter_final,2018,2563,10
516,Final,2018,3144,8
517,Final,2018,3588,1
518,SemiFinal,2018,9297,6
519,Final,2018,5449,1
520,16th,2018,7453,5
521,16th,2018,7631,6
522,16th,2018,7014,5
523,16th,2018,7959,5
524,Final,2018,1940,4
525,16th,2018,9579,10
526,SemiFinal,2018,5440,8
527,Final,2018,2303,6
528,16th,2018,9383,4
529,quarter_final,2018,5635,4
530,Final,2018,8558,7
531,SemiFinal,2018,5272,7
532,Final,2018,9130,7
533,quarter_final,2018,6054,1
534,Final,2018,2174,6
535,quarter_final,2018,6097,3
536,16th,2018,4097,5
537,16th,2018,4761,2
538,quarter_final,2018,4651,10
539,SemiFinal,2018,4973,1
540,16th,2018,1240,1
541,16th,2018,3777,2
542,SemiFinal,2018,1991,1
543,SemiFinal,2018,6823,8
544,Final,2018,5314,5
545,16th,2018,1515,8
546,SemiFinal,2018,6704,3
547,Final,2018,1715,1
548,quarter_final,2018,1603,5
549,quarter_final,2018,3026,6
550,Final,2018,8824,7
551,quarter_final,2018,3005,4
552,quarter_final,2018,6144,7
553,SemiFinal,2018,8524,7
554,16th,2018,4110,9
555,quarter_final,2018,4081,10
556,SemiFinal,2018,3951,10
557,quarter_final,2018,6154,2
558,quarter_final,2018,8936,9
559,Final,2018,4159,1
560,SemiFinal,2018,6352,8
561,16th,2018,7794,6
562,quarter_final,2018,9034,4
563,16th,2018,4394,10
564,quarter_final,2018,6593,4
565,SemiFinal,2018,3523,8
566,quarter_final,2018,1041,6
567,SemiFinal,2018,7053,9
568,quarter_final,2018,5857,6
569,16th,2018,9636,10
570,quarter_final,2018,4000,10
571,quarter_final,2018,7298,1
572,16th,2018,7388,2
573,quarter_final,2018,6817,7
574,quarter_final,2018,6349,8
575,Final,2018,7951,1
576,quarter_final,2018,9301,10
577,quarter_final,2018,4172,7
578,Final,2018,3317,8
579,16th,2018,9070,1
580,quarter_final,2018,5786,2
581,16th,2018,1372,4
582,SemiFinal,2018,9513,4
583,16th,2018,9665,8
584,16th,2018,7336,4
585,SemiFinal,2018,9165,3
586,Final,2018,7485,5
587,quarter_final,2018,5495,4
588,SemiFinal,2018,7975,3
589,quarter_final,2018,9796,10
590,16th,2018,1814,10
591,quarter_final,2018,7070,1
592,Final,2018,7232,8
593,16th,2018,1941,3
594,quarter_final,2018,4529,10
595,quarter_final,2018,1478,5
596,16th,2018,4898,7
597,16th,2018,4018,2
598,16th,2018,1620,9
599,Final,2018,8487,3
600,16th,2018,7796,9
601,16th,2018,9714,7
602,Final,2018,8684,7
603,SemiFinal,2018,3400,2
604,quarter_final,2018,1516,8
605,quarter_final,2018,3412,1
606,quarter_final,2018,9478,2
607,SemiFinal,2018,8764,5
608,SemiFinal,2018,8494,5
609,16th,2018,5743,9
610,SemiFinal,2018,5762,6
611,16th,2018,5849,10
612,Final,2018,9799,10
613,Final,2018,3600,6
614,SemiFinal,2018,5762,4
615,Final,2018,5599,6
616,Final,2018,3785,10
617,16th,2018,6606,1
618,SemiFinal,2018,9216,10
619,Final,2018,3147,9
620,Final,2018,9089,8
621,quarter_final,2018,7310,8
622,SemiFinal,2018,1686,3
623,quarter_final,2018,8367,6
624,Final,2018,4332,10
625,Final,2018,7510,5
626,quarter_final,2018,7048,7
627,quarter_final,2018,6024,8
628,SemiFinal,2018,1232,2
629,quarter_final,2018,6520,10
630,16th,2018,4988,3
631,quarter_final,2018,8546,2
632,quarter_final,2018,5413,6
633,16th,2018,8942,7
634,16th,2018,2371,3
635,Final,2018,9442,7
636,quarter_final,2018,3260,2
637,SemiFinal,2018,5692,3
638,16th,2018,8648,3
639,16th,2018,4680,9
640,16th,2018,7823,2
641,quarter_final,2018,2063,4
642,SemiFinal,2018,6021,10
643,quarter_final,2018,5880,2
644,Final,2018,3488,4
645,16th,2018,7183,5
646,SemiFinal,2018,7077,7
647,Final,2018,7046,10
648,SemiFinal,2018,2214,8
649,quarter_final,2018,1532,9
650,16th,2018,2964,9
651,Final,2018,5811,4
652,Final,2018,1921,2
653,16th,2018,1723,9
654,16th,2018,4956,8
655,SemiFinal,2018,5143,2
656,SemiFinal,2018,2255,2
657,quarter_final,2018,8859,1
658,SemiFinal,2018,9794,5
659,quarter_final,2018,7467,3
660,SemiFinal,2018,7582,4
661,SemiFinal,2018,8345,6
662,16th,2018,3374,2
663,quarter_final,2018,8618,7
664,16th,2018,5577,5
665,quarter_final,2018,7820,7
666,quarter_final,2018,9047,3
667,Final,2018,7373,6
668,SemiFinal,2018,1727,1
669,Final,2018,4238,4
670,quarter_final,2018,8781,8
671,Final,2018,6506,1
672,SemiFinal,2018,4223,1
673,SemiFinal,2018,5216,9
674,Final,2018,8081,4
675,Final,2018,8911,3
676,Final,2018,7312,7
677,quarter_final,2018,9232,4
678,quarter_final,2018,5423,10
679,Final,2018,1687,6
680,Final,2018,4972,7
681,quarter_final,2018,5450,6
682,quarter_final,2018,1021,4
683,16th,2018,6729,3
684,quarter_final,2018,9403,3
685,quarter_final,2018,7016,9
686,16th,2018,2940,7
687,quarter_final,2018,3665,3
688,quarter_final,2018,4429,2
689,Final,2018,3743,6
690,16th,2018,6131,7
691,SemiFinal,2018,3781,1
692,Final,2018,2442,4
693,SemiFinal,2018,9352,1
694,quarter_final,2018,2987,1
695,quarter_final,2018,8812,3
696,Final,2018,3659,8
697,16th,2018,7576,5
698,16th,2018,6222,10
699,SemiFinal,2018,9430,9
700,Final,2018,4379,6
701,SemiFinal,2018,5757,3
702,16th,2018,9418,3
703,16th,2018,9691,9
704,16th,2018,2568,9
705,quarter_final,2018,1462,4
706,16th,2018,1898,4
707,SemiFinal,2018,6690,9
708,SemiFinal,2018,6666,1
709,16th,2018,5261,10
710,SemiFinal,2018,6020,9
711,quarter_final,2018,1721,4
712,SemiFinal,2018,1294,5
713,16th,2018,6523,2
714,16th,2018,8437,4
715,quarter_final,2018,6354,6
716,quarter_final,2018,1556,4
717,16th,2018,3945,3
718,SemiFinal,2018,7553,9
719,quarter_final,2018,6329,8
720,16th,2018,5131,10
721,SemiFinal,2018,4222,6
722,16th,2018,1263,9
723,16th,2018,5816,9
724,SemiFinal,2018,2446,8
725,16th,2018,3314,6
726,quarter_final,2018,3610,4
727,SemiFinal,2018,9684,3
728,quarter_final,2018,4408,3
729,Final,2018,5014,8
730,Final,2018,9363,8
731,16th,2018,8519,9
732,SemiFinal,2018,6899,6
733,Final,2018,9878,3
734,Final,2018,8386,4
735,SemiFinal,2018,3337,4
736,Final,2018,6686,9
737,16th,2018,2125,7
738,SemiFinal,2018,9204,5
739,Final,2018,2117,2
740,16th,2018,2676,1
741,Final,2018,6107,8
742,Final,2018,1391,6
743,Final,2018,5493,8
744,quarter_final,2018,3112,8
745,16th,2018,9445,10
746,SemiFinal,2018,6682,4
747,SemiFinal,2018,3275,9
748,SemiFinal,2018,2350,6
749,16th,2018,6753,1
750,16th,2018,5576,5
751,Final,2018,8956,5
752,SemiFinal,2018,1309,5
753,16th,2018,3741,9
754,SemiFinal,2018,2835,9
755,16th,2018,5217,7
756,quarter_final,2018,9872,7
757,quarter_final,2018,3027,4
758,quarter_final,2018,9077,3
759,Final,2018,3276,10
760,Final,2018,8244,4
761,SemiFinal,2018,3435,5
762,quarter_final,2018,2530,2
763,SemiFinal,2018,6661,9
764,16th,2018,9011,3
765,quarter_final,2018,5525,5
766,16th,2018,4731,1
767,16th,2018,5160,1
768,SemiFinal,2018,9254,7
769,SemiFinal,2018,8001,2
770,quarter_final,2018,1044,2
771,quarter_final,2018,3868,10
772,Final,2018,9001,10
773,quarter_final,2018,9966,10
774,Final,2018,7814,1
775,SemiFinal,2018,5897,10
776,16th,2018,3656,7
777,16th,2018,5891,8
778,16th,2018,8727,7
779,quarter_final,2018,1526,10
780,quarter_final,2018,9311,10
781,16th,2018,6813,6
782,Final,2018,5613,3
783,SemiFinal,2018,7917,5
784,Final,2018,9918,1
785,quarter_final,2018,3038,9
786,quarter_final,2018,2122,10
787,SemiFinal,2018,5948,3
788,Final,2018,1179,9
789,quarter_final,2018,1230,3
790,16th,2018,5634,1
791,Final,2018,5874,2
792,Final,2018,5290,9
793,16th,2018,8930,10
794,16th,2018,5304,3
795,Final,2018,7644,1
796,quarter_final,2018,6879,10
797,16th,2018,3813,6
798,quarter_final,2018,4071,9
799,quarter_final,2018,7547,4
800,16th,2018,6515,4
801,16th,2018,8487,1
802,16th,2018,3101,2
803,16th,2018,5498,10
804,quarter_final,2018,5244,2
805,quarter_final,2018,6849,7
806,Final,2018,9547,10
807,Final,2018,3152,1
808,quarter_final,2018,6535,4
809,SemiFinal,2018,8961,6
810,16th,2018,6128,9
811,quarter_final,2018,3560,1
812,SemiFinal,2018,6433,7
813,Final,2018,4393,2
814,SemiFinal,2018,5684,5
815,16th,2018,3312,10
816,quarter_final,2018,2875,8
817,Final,2018,8055,4
818,16th,2018,2976,1
819,quarter_final,2018,3517,2
820,16th,2018,6891,3
821,Final,2018,4976,1
822,16th,2018,6651,2
823,Final,2018,2250,7
824,Final,2018,6294,5
825,Final,2018,1454,7
826,16th,2018,9200,9
827,Final,2018,4624,1
828,16th,2018,1267,2
829,quarter_final,2018,9011,8
830,SemiFinal,2018,1499,8
831,SemiFinal,2018,6766,5
832,SemiFinal,2018,8722,6
833,16th,2018,2226,4
834,16th,2018,2868,4
835,SemiFinal,2018,4613,4
836,SemiFinal,2018,4731,3
837,16th,2018,1705,7
838,quarter_final,2018,1987,10
839,16th,2018,8231,4
840,16th,2018,3556,3
841,Final,2018,3908,8
842,SemiFinal,2018,3962,6
843,Final,2018,6892,8
844,16th,2018,5841,5
845,SemiFinal,2018,9984,4
846,quarter_final,2018,7976,7
847,Final,2018,4570,6
848,Final,2018,8983,8
849,SemiFinal,2018,2499,4
850,quarter_final,2018,6418,7
851,SemiFinal,2018,5576,3
852,SemiFinal,2018,3804,5
853,SemiFinal,2018,2101,3
854,16th,2018,3284,8
855,Final,2018,6271,8
856,SemiFinal,2018,7173,8
857,SemiFinal,2018,1925,2
858,16th,2018,7494,5
859,quarter_final,2018,1829,8
860,quarter_final,2018,3467,6
861,16th,2018,2723,6
862,Final,2018,9795,10
863,quarter_final,2018,3078,3
864,Final,2018,2863,4
865,Final,2018,6957,8
866,16th,2018,1195,10
867,16th,2018,3863,10
868,SemiFinal,2018,2641,2
869,16th,2018,2193,7
870,16th,2018,2433,4
871,16th,2018,8841,2
872,Final,2018,7136,10
873,Final,2018,6254,6
874,SemiFinal,2018,3327,7
875,SemiFinal,2018,2296,5
876,Final,2018,3820,1
877,Final,2018,4071,9
878,16th,2018,7710,9
879,SemiFinal,2018,6151,3
880,quarter_final,2018,9607,5
881,Final,2018,8350,9
882,quarter_final,2018,4331,3
883,quarter_final,2018,6569,8
884,Final,2018,2305,1
885,Final,2018,3256,5
886,16th,2018,1075,1
887,Final,2018,7581,1
888,16th,2018,1555,2
889,Final,2018,1330,7
890,Final,2018,1479,2
891,SemiFinal,2018,7375,2
892,quarter_final,2018,7747,1
893,SemiFinal,2018,9600,10
894,16th,2018,2179,6
895,quarter_final,2018,5110,3
896,quarter_final,2018,7461,4
897,quarter_final,2018,7222,5
898,16th,2018,3336,8
899,16th,2018,3310,3
900,Final,2018,7810,3
901,16th,2018,2350,4
902,16th,2018,2539,4
903,SemiFinal,2018,1235,1
904,quarter_final,2018,3402,9
905,quarter_final,2018,9205,10
906,quarter_final,2018,9246,7
907,Final,2018,5839,4
908,16th,2018,5284,1
909,quarter_final,2018,1978,6
910,Final,2018,7978,8
911,SemiFinal,2018,8026,10
912,Final,2018,8726,8
913,Final,2018,6660,10
914,quarter_final,2018,7159,3
915,Final,2018,5348,5
916,16th,2018,3728,8
917,Final,2018,4934,9
918,Final,2018,4314,2
919,SemiFinal,2018,2361,1
920,16th,2018,3723,2
921,SemiFinal,2018,1738,4
922,16th,2018,3254,2
923,Final,2018,5129,5
924,quarter_final,2018,2863,6
925,Final,2018,5815,1
926,SemiFinal,2018,8382,6
927,quarter_final,2018,7802,4
928,SemiFinal,2018,9793,9
929,Final,2018,6689,2
930,SemiFinal,2018,3479,5
931,Final,2018,7964,8
932,Final,2018,6778,9
933,SemiFinal,2018,3980,1
934,quarter_final,2018,2723,2
935,SemiFinal,2018,9984,7
936,Final,2018,9108,10
937,quarter_final,2018,7220,2
938,SemiFinal,2018,6768,9
939,16th,2018,6709,7
940,16th,2018,1815,1
941,16th,2018,6212,2
942,SemiFinal,2018,2344,1
943,quarter_final,2018,2559,5
944,Final,2018,7385,9
945,16th,2018,5601,4
946,quarter_final,2018,3946,6
947,quarter_final,2018,8597,8
948,Final,2018,6164,4
949,SemiFinal,2018,7939,1
950,16th,2018,1118,3
951,quarter_final,2018,5974,9
952,16th,2018,5194,2
953,16th,2018,8799,1
954,quarter_final,2018,4343,4
955,quarter_final,2018,7281,4
956,16th,2018,4091,5
957,16th,2018,2764,3
958,SemiFinal,2018,5609,9
959,Final,2018,4783,10
960,16th,2018,3102,4
961,16th,2018,2984,3
962,SemiFinal,2018,3546,6
963,SemiFinal,2018,8158,1
964,16th,2018,3021,3
965,SemiFinal,2018,1102,4
966,SemiFinal,2018,2566,6
967,Final,2018,4172,6
968,quarter_final,2018,2122,2
969,quarter_final,2018,1511,2
970,Final,2018,4299,4
971,SemiFinal,2018,4477,2
972,SemiFinal,2018,5943,7
973,Final,2018,1426,4
974,Final,2018,3548,4
975,Final,2018,6162,10
976,16th,2018,1636,10
977,Final,2018,2681,9
978,Final,2018,8785,6
979,16th,2018,6815,2
980,quarter_final,2018,2073,6
981,quarter_final,2018,2890,9
982,Final,2018,6915,8
983,Final,2018,5697,5
984,SemiFinal,2018,3115,9
985,Final,2018,3799,6
986,Final,2018,2270,5
987,quarter_final,2018,6009,10
988,16th,2018,8379,5
989,16th,2018,4234,7
990,Final,2018,4112,3
991,SemiFinal,2018,5536,3
992,Final,2018,5769,3
993,Final,2018,4672,2
994,16th,2018,1127,4
995,Final,2018,6872,8
996,quarter_final,2018,6967,3
997,SemiFinal,2018,3186,6
998,Final,2018,6464,10
999,quarter_final,2018,6964,9
1000,16th,2018,1281,9
1001,SemiFinal,2018,6538,10
1002,quarter_final,2018,2258,10
1003,16th,2018,7668,4
1004,SemiFinal,2018,4594,1
1005,Final,2018,8928,5
1006,SemiFinal,2018,1305,1
1007,16th,2018,6000,9
1008,Final,2018,5058,1
1009,SemiFinal,2018,2617,6
1010,SemiFinal,2018,7311,10
1011,16th,2018,1760,6
1012,Final,2018,1595,2
1013,Final,2018,1136,8
1014,16th,2018,3285,6
1015,16th,2018,1221,6
1016,16th,2018,6762,9
1017,Final,2018,3772,7
1018,SemiFinal,2018,3552,10
1019,SemiFinal,2018,6919,1
1020,SemiFinal,2018,2851,5
1021,16th,2018,8046,3
1022,16th,2018,8655,8
1023,Final,2018,8666,10
1024,quarter_final,2018,5773,4
1025,Final,2018,6214,8
1026,Final,2018,7441,10
1027,quarter_final,2018,6646,1
1028,SemiFinal,2018,3252,8
1029,quarter_final,2018,9265,8
1030,16th,2018,4316,5
1031,quarter_final,2018,6291,7
1032,quarter_final,2018,8668,5
1033,quarter_final,2018,8777,9
1034,quarter_final,2018,4065,2
1035,Final,2018,2655,1
1036,SemiFinal,2018,2131,2
1037,16th,2018,3809,3
1038,SemiFinal,2018,9636,6
1039,16th,2018,7581,7
1040,Final,2018,8479,2
1041,SemiFinal,2018,7740,9
1042,Final,2018,8144,3
1043,quarter_final,2018,8554,2
1044,16th,2018,9542,1
1045,quarter_final,2018,7809,8
1046,Final,2018,1920,5
1047,quarter_final,2018,9054,8
1048,16th,2018,1509,4
1049,quarter_final,2018,9596,9
1050,16th,2018,7872,1
1051,SemiFinal,2018,8165,7
1052,quarter_final,2018,6007,8
1053,16th,2018,6620,2
1054,quarter_final,2018,5706,6
1055,16th,2018,1656,2
1056,SemiFinal,2018,2518,4
1057,Final,2018,9829,1
1058,quarter_final,2018,7436,8
1059,Final,2018,6916,3
1060,SemiFinal,2018,3760,2
1061,quarter_final,2018,6554,1
1062,SemiFinal,2018,6128,9
1063,quarter_final,2018,1750,1
1064,SemiFinal,2018,1216,2
1065,quarter_final,2018,4841,8
1066,16th,2018,1173,5
1067,16th,2018,2448,7
1068,16th,2018,9557,6
1069,quarter_final,2018,4922,5
1070,16th,2018,1993,3
1071,Final,2018,2171,9
1072,SemiFinal,2018,5032,2
1073,SemiFinal,2018,2637,2
1074,Final,2018,5488,3
1075,16th,2018,2851,2
1076,SemiFinal,2018,3726,6
1077,quarter_final,2018,4808,9
1078,quarter_final,2018,8175,7
1079,Final,2018,3289,3
1080,16th,2018,9477,4
1081,16th,2018,7202,5
1082,quarter_final,2018,1506,9
1083,16th,2018,9992,10
1084,SemiFinal,2018,3459,5
1085,16th,2018,6607,10
1086,Final,2018,7052,1
1087,Final,2018,3007,5
1088,Final,2018,4658,3
1089,SemiFinal,2018,6401,10
1090,quarter_final,2018,4445,9
1091,quarter_final,2018,2766,3
1092,quarter_final,2018,7495,1
1093,quarter_final,2018,8343,6
1094,Final,2018,3990,7
1095,16th,2018,7192,7
1096,SemiFinal,2018,1265,2
1097,Final,2018,7220,5
1098,Final,2018,5712,5
1099,16th,2018,9692,9
1100,Final,2018,6326,2
1101,Final,2018,2583,9
1102,Final,2018,7380,5
1103,16th,2018,4385,2
1104,SemiFinal,2018,6945,1
1105,quarter_final,2018,3979,2
1106,16th,2018,8028,7
1107,16th,2018,3605,8
1108,SemiFinal,2018,8335,7
1109,Final,2018,7242,10
1110,Final,2018,4911,9
1111,Final,2018,5561,8
1112,quarter_final,2018,1785,10
1113,quarter_final,2018,5523,7
1114,quarter_final,2018,7634,7
1115,16th,2018,8076,3
1116,SemiFinal,2018,5307,4
1117,16th,2018,4044,10
1118,16th,2018,5850,6
1119,16th,2018,8585,5
1120,quarter_final,2018,8811,9
1121,SemiFinal,2018,5414,2
1122,16th,2018,4855,6
1123,quarter_final,2018,2047,1
1124,Final,2018,3349,10
1125,quarter_final,2018,3101,8
1126,SemiFinal,2018,7571,9
1127,SemiFinal,2018,9541,7
1128,SemiFinal,2018,2666,4
1129,SemiFinal,2018,9736,3
1130,quarter_final,2018,2137,1
1131,quarter_final,2018,1327,7
1132,Final,2018,6593,3
1133,16th,2018,5659,2
1134,quarter_final,2018,1104,10
1135,quarter_final,2018,3768,4
1136,SemiFinal,2018,9077,3
1137,SemiFinal,2018,1863,1
1138,quarter_final,2018,2815,10
1139,Final,2018,5069,5
1140,quarter_final,2018,6109,5
1141,SemiFinal,2018,3778,6
1142,quarter_final,2018,2700,9
1143,SemiFinal,2018,7083,4
1144,SemiFinal,2018,1706,4
1145,16th,2018,4745,6
1146,SemiFinal,2018,4013,1
1147,quarter_final,2018,2461,3
1148,Final,2018,4924,8
1149,16th,2018,6087,3
1150,SemiFinal,2018,6040,4
1151,SemiFinal,2018,8413,8
1152,SemiFinal,2018,9989,4
1153,Final,2018,2208,5
1154,SemiFinal,2018,9526,9
1155,Final,2018,4197,9
1156,16th,2018,1998,10
1157,quarter_final,2018,5343,2
1158,16th,2018,1155,7
1159,SemiFinal,2018,6642,1
1160,SemiFinal,2018,8680,4
1161,Final,2018,7440,2
1162,Final,2018,9473,6
1163,Final,2018,1621,9
1164,quarter_final,2018,6489,1
1165,16th,2018,4739,1
1166,Final,2018,2579,6
1167,Final,2018,7750,7
1168,quarter_final,2018,1896,10
1169,16th,2018,3950,10
1170,Final,2018,7677,3
1171,quarter_final,2018,1527,10
1172,16th,2018,1676,1
1173,16th,2018,6990,8
1174,16th,2018,9193,5
1175,16th,2018,2274,10
1176,quarter_final,2018,7135,7
1177,SemiFinal,2018,4465,10
1178,quarter_final,2018,5014,6
1179,SemiFinal,2018,4063,4
1180,16th,2018,1152,8
1181,Final,2018,7747,4
1182,quarter_final,2018,3362,7
1183,Final,2018,6124,2
1184,Final,2018,1381,4
1185,quarter_final,2018,4340,4
1186,Final,2018,9799,1
1187,SemiFinal,2018,2195,2
1188,quarter_final,2018,3230,9
1189,quarter_final,2018,8162,1
1190,Final,2018,3313,10
1191,16th,2018,3458,7
1192,Final,2018,5358,4
1193,SemiFinal,2018,4800,3
1194,SemiFinal,2018,9094,10
1195,16th,2018,4818,9
1196,quarter_final,2018,8844,7
1197,16th,2018,8091,9
1198,SemiFinal,2018,4807,4
1199,Final,2018,7575,2
1200,SemiFinal,2018,3735,8
1201,quarter_final,2018,2877,1
1202,SemiFinal,2018,5155,6
1203,Final,2018,7359,5
1204,quarter_final,2018,3113,8
1205,16th,2018,8255,4
1206,Final,2018,7156,2
1207,SemiFinal,2018,8002,8
1208,Final,2018,6018,4
1209,Final,2018,5688,2
1210,SemiFinal,2018,9433,5
1211,16th,2018,3822,6
1212,quarter_final,2018,8732,3
1213,quarter_final,2018,1973,4
1214,16th,2018,4275,7
1215,16th,2018,9349,5
1216,16th,2018,9022,3
1217,Final,2018,1076,8
1218,SemiFinal,2018,4540,5
1219,SemiFinal,2018,5516,7
1220,16th,2018,2977,6
1221,quarter_final,2018,8938,6
1222,quarter_final,2018,4186,1
1223,SemiFinal,2018,1010,1
1224,SemiFinal,2018,9648,8
1225,quarter_final,2018,4229,4
1226,SemiFinal,2018,8523,4
1227,16th,2018,5746,3
1228,quarter_final,2018,6749,9
1229,16th,2018,9054,2
1230,SemiFinal,2018,5568,2
1231,quarter_final,2018,2774,10
1232,16th,2018,3246,9
1233,SemiFinal,2018,1446,8
1234,quarter_final,2018,8900,8
1235,SemiFinal,2018,6257,3
1236,quarter_final,2018,1126,5
1237,SemiFinal,2018,7716,7
1238,16th,2018,6783,8
1239,Final,2018,6480,10
1240,16th,2018,6975,10
1241,16th,2018,5073,8
1242,Final,2018,6779,7
1243,16th,2018,5605,6
1244,Final,2018,7732,8
1245,quarter_final,2018,8785,3
1246,SemiFinal,2018,1776,10
1247,SemiFinal,2018,4225,6
1248,SemiFinal,2018,8885,9
1249,16th,2018,7350,1
1250,SemiFinal,2018,5915,9
1251,quarter_final,2018,8397,8
1252,quarter_final,2018,8316,10
1253,quarter_final,2018,1834,10
1254,Final,2018,5914,1
1255,16th,2018,7717,10
1256,Final,2018,1116,4
1257,16th,2018,5129,6
1258,quarter_final,2018,5164,1
1259,SemiFinal,2018,2856,5
1260,SemiFinal,2018,4856,9
1261,quarter_final,2018,5057,7
1262,quarter_final,2018,6884,6
1263,16th,2018,5815,4
1264,Final,2018,9544,10
1265,SemiFinal,2018,6111,1
1266,Final,2018,3124,4
1267,quarter_final,2018,5897,4
1268,quarter_final,2018,5168,6
1269,quarter_final,2018,4375,10
1270,quarter_final,2018,3967,3
1271,16th,2018,7175,6
1272,16th,2018,4603,3
1273,16th,2018,9496,9
1274,quarter_final,2018,6567,2
1275,SemiFinal,2018,2170,5
1276,quarter_final,2018,5613,10
1277,SemiFinal,2018,8586,7
1278,quarter_final,2018,3933,2
1279,SemiFinal,2018,3542,4
1280,16th,2018,7502,9
1281,quarter_final,2018,3733,7
1282,16th,2018,2120,6
1283,quarter_final,2018,2386,5
1284,quarter_final,2018,2705,10
1285,quarter_final,2018,7999,6
1286,16th,2018,8453,7
1287,Final,2018,1663,6
1288,SemiFinal,2018,5675,1
1289,Final,2018,1809,3
1290,quarter_final,2018,7181,9
1291,16th,2018,9706,8
1292,16th,2018,6945,10
1293,SemiFinal,2018,1527,7
1294,16th,2018,5526,5
1295,Final,2018,7862,4
1296,Final,2018,5682,5
1297,quarter_final,2018,4115,2
1298,SemiFinal,2018,4992,2
1299,Final,2018,4282,6
1300,16th,2018,4115,4
1301,16th,2018,6717,8
1302,16th,2018,5439,3
1303,16th,2018,8564,8
1304,16th,2018,9714,6
1305,SemiFinal,2018,5281,7
1306,Final,2018,9633,2
1307,quarter_final,2018,4280,1
1308,16th,2018,6537,7
1309,quarter_final,2018,5701,7
1310,16th,2018,4502,2
1311,quarter_final,2018,9143,9
1312,Final,2018,8707,5
1313,quarter_final,2018,3277,7
1314,16th,2018,9965,5
1315,quarter_final,2018,7800,4
1316,quarter_final,2018,2829,3
1317,quarter_final,2018,2141,9
1318,SemiFinal,2018,8543,2
1319,16th,2018,6845,8
1320,SemiFinal,2018,4172,3
1321,16th,2018,1450,9
1322,SemiFinal,2018,6187,1
1323,quarter_final,2018,4442,4
1324,quarter_final,2018,2572,5
1325,SemiFinal,2018,8133,3
1326,quarter_final,2018,8977,7
1327,Final,2018,3601,10
1328,SemiFinal,2018,7679,9
1329,Final,2018,3686,1
1330,16th,2018,8522,9
1331,quarter_final,2018,1194,2
1332,Final,2018,2932,4
1333,Final,2018,5602,6
1334,quarter_final,2018,4341,3
1335,quarter_final,2018,2658,10
1336,Final,2018,5799,7
1337,Final,2018,2264,8
1338,SemiFinal,2018,9325,4
1339,16th,2018,9714,10
1340,SemiFinal,2018,3318,4
1341,SemiFinal,2018,6677,3
1342,Final,2018,7319,8
1343,16th,2018,6121,9
1344,Final,2018,2571,1
1345,quarter_final,2018,6970,2
1346,quarter_final,2018,3952,10
1347,16th,2018,9705,4
1348,quarter_final,2018,9044,4
1349,16th,2018,3343,4
1350,Final,2018,7579,3
1351,Final,2018,2818,9
1352,16th,2018,5688,5
1353,quarter_final,2018,2287,6
1354,SemiFinal,2018,7081,4
1355,Final,2018,3158,7
1356,16th,2018,3621,2
1357,quarter_final,2018,8807,6
1358,Final,2018,4866,6
1359,Final,2018,4169,7
1360,Final,2018,3068,3
1361,quarter_final,2018,9708,2
1362,quarter_final,2018,8032,6
1363,Final,2018,1787,10
1364,16th,2018,8789,1
1365,16th,2018,5249,3
1366,quarter_final,2018,6243,4
1367,SemiFinal,2018,5373,3
1368,SemiFinal,2018,7486,4
1369,quarter_final,2018,6586,8
1370,16th,2018,6712,5
1371,SemiFinal,2018,4253,4
1372,16th,2018,3126,4
1373,Final,2018,7055,3
1374,16th,2018,8123,5
1375,16th,2018,9983,4
1376,16th,2018,7736,7
1377,SemiFinal,2018,9281,10
1378,quarter_final,2018,9316,4
1379,Final,2018,9146,4
1380,quarter_final,2018,6651,1
1381,quarter_final,2018,2946,1
1382,Final,2018,8822,3
1383,quarter_final,2018,8683,3
1384,SemiFinal,2018,9222,8
1385,quarter_final,2018,7204,10
1386,quarter_final,2018,1756,9
1387,16th,2018,1360,8
1388,Final,2018,9544,9
1389,quarter_final,2018,9857,5
1390,16th,2018,9308,9
1391,SemiFinal,2018,1164,10
1392,SemiFinal,2018,2404,4
1393,SemiFinal,2018,4754,10
1394,Final,2018,2086,3
1395,16th,2018,1227,1
1396,Final,2018,9523,4
1397,SemiFinal,2018,4334,9
1398,16th,2018,6134,7
1399,16th,2018,1026,7
1400,SemiFinal,2018,3924,3
1401,SemiFinal,2018,1089,7
1402,quarter_final,2018,3797,2
1403,SemiFinal,2018,6846,10
1404,Final,2018,4911,4
1405,16th,2018,8831,6
1406,quarter_final,2018,6863,3
1407,16th,2018,4790,2
1408,16th,2018,2007,9
1409,16th,2018,9332,9
1410,quarter_final,2018,2734,8
1411,quarter_final,2018,3262,2
1412,Final,2018,2660,7
1413,quarter_final,2018,1626,9
1414,quarter_final,2018,2860,3
1415,quarter_final,2018,1523,3
1416,Final,2018,2495,3
1417,quarter_final,2018,1245,9
1418,Final,2018,1542,10
1419,SemiFinal,2018,8069,1
1420,16th,2018,9265,8
1421,quarter_final,2018,5750,9
1422,SemiFinal,2018,8373,8
1423,SemiFinal,2018,2397,7
1424,SemiFinal,2018,3644,10
1425,quarter_final,2018,9579,7
1426,Final,2018,8686,9
1427,Final,2018,9652,7
1428,quarter_final,2018,7419,10
1429,16th,2018,2879,8
1430,SemiFinal,2018,6858,6
1431,quarter_final,2018,6908,1
1432,16th,2018,5749,10
1433,quarter_final,2018,3211,3
1434,quarter_final,2018,8624,2
1435,16th,2018,4343,7
1436,quarter_final,2018,6339,10
1437,16th,2018,8809,2
1438,16th,2018,3375,8
1439,SemiFinal,2018,2025,1
1440,Final,2018,1643,8
1441,SemiFinal,2018,5985,5
1442,Final,2018,9297,10
1443,quarter_final,2018,9707,10
1444,16th,2018,6980,7
1445,SemiFinal,2018,6354,2
1446,SemiFinal,2018,9113,3
1447,Final,2018,8126,5
1448,SemiFinal,2018,2154,2
1449,16th,2018,8479,5
1450,SemiFinal,2018,6637,7
1451,16th,2018,8401,2
1452,SemiFinal,2018,4404,6
1453,16th,2018,4451,1
1454,16th,2018,8103,9
1455,Final,2018,9185,4
1456,quarter_final,2018,5432,7
1457,Final,2018,1810,6
1458,Final,2018,6982,3
1459,Final,2018,8419,10
1460,quarter_final,2018,7751,8
1461,quarter_final,2018,4246,4
1462,SemiFinal,2018,2275,8
1463,SemiFinal,2018,2752,6
1464,quarter_final,2018,2388,3
1465,SemiFinal,2018,1291,2
1466,Final,2018,4630,1
1467,SemiFinal,2018,8237,7
1468,16th,2018,1616,9
1469,quarter_final,2018,8648,4
1470,quarter_final,2018,3431,8
1471,quarter_final,2018,8436,10
1472,SemiFinal,2018,2952,6
1473,SemiFinal,2018,4363,7
1474,Final,2018,7681,3
1475,16th,2018,9364,9
1476,16th,2018,3024,6
1477,Final,2018,8967,9
1478,SemiFinal,2018,3945,1
1479,quarter_final,2018,3625,6
1480,SemiFinal,2018,7729,2
1481,SemiFinal,2018,1076,10
1482,SemiFinal,2018,2508,8
1483,SemiFinal,2018,5520,1
1484,Final,2018,5125,6
1485,16th,2018,5371,2
1486,16th,2018,9423,9
1487,quarter_final,2018,9819,6
1488,16th,2018,2603,5
1489,16th,2018,5157,9
1490,16th,2018,1913,10
1491,SemiFinal,2018,5956,7
1492,quarter_final,2018,6012,2
1493,16th,2018,4288,7
1494,Final,2018,8764,8
1495,16th,2018,3569,8
1496,quarter_final,2018,3894,5
1497,quarter_final,2018,1205,8
1498,SemiFinal,2018,4938,6
1499,16th,2018,8388,8
1500,quarter_final,2018,7248,9
1501,SemiFinal,2018,9025,6
1502,SemiFinal,2018,6034,3
1503,quarter_final,2018,5556,8
1504,SemiFinal,2018,7484,9
1505,SemiFinal,2018,8950,7
1506,Final,2018,6162,10
1507,SemiFinal,2018,6956,9
1508,quarter_final,2018,5154,9
1509,SemiFinal,2018,8796,10
1510,16th,2018,1703,3
1511,SemiFinal,2018,9895,3
1512,SemiFinal,2018,7576,9
1513,Final,2018,7914,6
1514,quarter_final,2018,6576,4
1515,Final,2018,6446,2
1516,16th,2018,7064,4
1517,quarter_final,2018,3524,3
1518,SemiFinal,2018,1081,6
1519,SemiFinal,2018,2439,6
1520,quarter_final,2018,6249,4
1521,16th,2018,1863,2
1522,16th,2018,8500,6
1523,SemiFinal,2018,9019,3
1524,SemiFinal,2018,8767,7
1525,SemiFinal,2018,1008,2
1526,Final,2018,3210,10
1527,Final,2018,6379,10
1528,quarter_final,2018,7406,8
1529,quarter_final,2018,1717,4
1530,quarter_final,2018,5792,10
1531,16th,2018,6384,5
1532,Final,2018,1393,4
1533,quarter_final,2018,9615,7
1534,Final,2018,3734,10
1535,SemiFinal,2018,3892,1
1536,SemiFinal,2018,7976,5
1537,Final,2018,7470,6
1538,quarter_final,2018,3600,5
1539,Final,2018,3073,4
1540,quarter_final,2018,3912,6
1541,Final,2018,7375,4
1542,SemiFinal,2018,9128,7
1543,SemiFinal,2018,1933,6
1544,Final,2018,1828,10
1545,16th,2018,1812,9
1546,quarter_final,2018,7396,9
1547,16th,2018,6231,5
1548,SemiFinal,2018,1753,3
1549,SemiFinal,2018,5583,7
1550,quarter_final,2018,6641,10
1551,Final,2018,1794,6
1552,quarter_final,2018,5759,10
1553,16th,2018,3516,10
1554,16th,2018,2353,1
1555,SemiFinal,2018,9916,6
1556,quarter_final,2018,3962,4
1557,quarter_final,2018,7795,6
1558,SemiFinal,2018,2513,2
1559,SemiFinal,2018,8315,10
1560,Final,2018,2609,10
1561,Final,2018,2320,10
1562,16th,2018,7988,9
1563,16th,2018,5724,10
1564,Final,2018,9725,10
1565,SemiFinal,2018,8543,1
1566,quarter_final,2018,3365,2
1567,Final,2018,1857,7
1568,Final,2018,2858,4
1569,quarter_final,2018,3815,2
1570,SemiFinal,2018,9032,7
1571,16th,2018,2557,1
1572,16th,2018,9188,8
1573,quarter_final,2018,6442,10
1574,quarter_final,2018,5096,1
1575,Final,2018,4454,1
1576,quarter_final,2018,4777,2
1577,SemiFinal,2018,2166,10
1578,quarter_final,2018,1244,9
1579,16th,2018,7567,2
1580,16th,2018,8900,2
1581,SemiFinal,2018,2267,7
1582,SemiFinal,2018,7106,6
1583,SemiFinal,2018,3416,9
1584,16th,2018,4656,3
1585,SemiFinal,2018,2273,5
1586,quarter_final,2018,9014,1
1587,16th,2018,3483,8
1588,Final,2018,2987,1
1589,SemiFinal,2018,2453,6
1590,16th,2018,6157,2
1591,16th,2018,1317,8
1592,SemiFinal,2018,6114,2
1593,quarter_final,2018,1736,1
1594,16th,2018,9963,6
1595,quarter_final,2018,5934,9
1596,quarter_final,2018,5906,2
1597,Final,2018,9765,5
1598,SemiFinal,2018,3163,1
1599,16th,2018,8254,3
1600,Final,2018,5390,1
1601,SemiFinal,2018,2053,8
1602,quarter_final,2018,6581,3
1603,16th,2018,4189,5
1604,Final,2018,8180,1
1605,16th,2018,7137,7
1606,quarter_final,2018,9210,5
1607,Final,2018,3358,9
1608,Final,2018,9754,9
1609,16th,2018,9164,5
1610,16th,2018,9612,3
1611,SemiFinal,2018,6481,1
1612,quarter_final,2018,1869,3
1613,quarter_final,2018,6618,6
1614,Final,2018,2297,10
1615,quarter_final,2018,7371,6
1616,16th,2018,3713,10
1617,16th,2018,7376,4
1618,Final,2018,6511,3
1619,16th,2018,9972,4
1620,SemiFinal,2018,4125,7
1621,16th,2018,6338,2
1622,Final,2018,6730,10
1623,quarter_final,2018,1147,8
1624,SemiFinal,2018,5670,5
1625,quarter_final,2018,2451,7
1626,16th,2018,2192,4
1627,SemiFinal,2018,4849,3
1628,quarter_final,2018,6739,6
1629,Final,2018,9805,6
1630,Final,2018,2478,5
1631,Final,2018,1263,4
1632,Final,2018,8280,2
1633,16th,2018,7709,2
1634,Final,2018,8628,4
1635,quarter_final,2018,9270,4
1636,SemiFinal,2018,9122,3
1637,SemiFinal,2018,9329,8
1638,quarter_final,2018,9492,10
1639,SemiFinal,2018,4010,3
1640,16th,2018,1723,6
1641,16th,2018,4634,7
1642,Final,2018,9865,2
1643,SemiFinal,2018,4987,8
1644,quarter_final,2018,3776,2
1645,16th,2018,8385,6
1646,SemiFinal,2018,7154,6
1647,SemiFinal,2018,6321,1
1648,16th,2018,8622,9
1649,quarter_final,2018,9743,6
1650,16th,2018,3798,5
1651,Final,2018,3266,8
1652,quarter_final,2018,4459,10
1653,Final,2018,4533,6
1654,quarter_final,2018,1667,5
1655,16th,2018,9595,10
1656,SemiFinal,2018,6872,5
1657,16th,2018,5364,2
1658,16th,2018,4175,5
1659,16th,2018,5352,3
1660,16th,2018,5219,9
1661,16th,2018,7778,1
1662,16th,2018,4384,6
1663,Final,2018,3929,5
1664,Final,2018,1722,3
1665,Final,2018,1842,10
1666,SemiFinal,2018,5592,8
1667,Final,2018,5138,4
1668,quarter_final,2018,6676,6
1669,quarter_final,2018,7886,8
1670,SemiFinal,2018,9616,10
1671,Final,2018,9198,3
1672,SemiFinal,2018,2793,8
1673,SemiFinal,2018,8940,2
1674,quarter_final,2018,1933,7
1675,quarter_final,2018,6759,7
1676,Final,2018,9026,7
1677,16th,2018,8587,6
1678,SemiFinal,2018,3089,6
1679,SemiFinal,2018,4038,3
1680,SemiFinal,2018,9290,10
1681,quarter_final,2018,2193,9
1682,SemiFinal,2018,4961,5
1683,Final,2018,4379,9
1684,SemiFinal,2018,3587,6
1685,SemiFinal,2018,4058,7
1686,quarter_final,2018,7837,2
1687,16th,2018,1977,10
1688,SemiFinal,2018,1885,7
1689,SemiFinal,2018,2527,7
1690,quarter_final,2018,2677,2
1691,quarter_final,2018,4360,5
1692,16th,2018,2984,5
1693,SemiFinal,2018,5880,9
1694,SemiFinal,2018,9607,2
1695,Final,2018,2439,4
1696,quarter_final,2018,9915,8
1697,SemiFinal,2018,2272,2
1698,quarter_final,2018,2381,6
1699,16th,2018,6766,2
1700,Final,2018,6629,6
1701,SemiFinal,2018,5492,8
1702,16th,2018,3547,3
1703,Final,2018,2556,4
1704,quarter_final,2018,1848,1
1705,quarter_final,2018,8103,3
1706,quarter_final,2018,6695,5
1707,Final,2018,8011,2
1708,Final,2018,4517,2
1709,SemiFinal,2018,1413,4
1710,16th,2018,7434,10
1711,Final,2018,8285,2
1712,SemiFinal,2018,8586,1
1713,quarter_final,2018,5042,7
1714,quarter_final,2018,6867,10
1715,16th,2018,6681,7
1716,Final,2018,7607,2
1717,Final,2018,3543,5
1718,SemiFinal,2018,3756,3
1719,quarter_final,2018,2432,7
1720,Final,2018,9960,7
1721,SemiFinal,2018,1840,8
1722,quarter_final,2018,6141,8
1723,Final,2018,6366,9
1724,quarter_final,2018,6645,3
1725,quarter_final,2018,9349,3
1726,16th,2018,4932,2
1727,quarter_final,2018,4726,5
1728,16th,2018,7861,3
1729,SemiFinal,2018,5491,6
1730,16th,2018,9695,5
1731,16th,2018,8710,3
1732,SemiFinal,2018,6656,8
1733,Final,2018,5998,1
1734,Final,2018,9369,10
1735,Final,2018,7858,8
1736,Final,2018,8155,7
1737,16th,2018,5262,10
1738,Final,2018,5032,4
1739,16th,2018,7913,4
1740,SemiFinal,2018,6886,3
1741,quarter_final,2018,9843,5
1742,SemiFinal,2018,1064,9
1743,Final,2018,5978,10
1744,quarter_final,2018,6817,4
1745,Final,2018,9694,6
1746,Final,2018,4361,9
1747,quarter_final,2018,2882,6
1748,Final,2018,7981,1
1749,SemiFinal,2018,5630,7
1750,Final,2018,3291,9
1751,quarter_final,2018,7692,2
1752,quarter_final,2018,9246,6
1753,quarter_final,2018,8531,8
1754,16th,2018,7771,3
1755,SemiFinal,2018,5988,4
1756,16th,2018,9710,10
1757,Final,2018,6291,8
1758,quarter_final,2018,1694,6
1759,Final,2018,9097,5
1760,quarter_final,2018,5428,3
1761,Final,2018,7775,4
1762,SemiFinal,2018,8698,1
1763,Final,2018,5709,9
1764,16th,2018,4643,6
1765,Final,2018,5265,6
1766,16th,2018,1917,5
1767,quarter_final,2018,4988,6
1768,Final,2018,7631,8
1769,16th,2018,5885,6
1770,Final,2018,7118,2
1771,quarter_final,2018,3102,5
1772,SemiFinal,2018,7234,7
1773,Final,2018,3472,5
1774,16th,2018,8528,6
1775,16th,2018,8538,7
1776,16th,2018,9196,2
1777,SemiFinal,2018,1705,2
1778,quarter_final,2018,2965,5
1779,16th,2018,3624,1
1780,16th,2018,2480,5
1781,Final,2018,9667,6
1782,quarter_final,2018,1944,1
1783,quarter_final,2018,9754,3
1784,SemiFinal,2018,3946,4
1785,16th,2018,3117,10
1786,Final,2018,2843,6
1787,Final,2018,3567,1
1788,16th,2018,5615,4
1789,quarter_final,2018,6287,10
1790,SemiFinal,2018,5744,5
1791,SemiFinal,2018,3076,9
1792,SemiFinal,2018,7461,4
1793,quarter_final,2018,4393,4
1794,SemiFinal,2018,5011,3
1795,16th,2018,6777,8
1796,Final,2018,6465,9
1797,16th,2018,4888,4
1798,SemiFinal,2018,6797,2
1799,quarter_final,2018,4909,9
1800,Final,2018,7599,10
1801,Final,2018,8744,10
1802,SemiFinal,2018,4140,8
1803,Final,2018,3326,7
1804,16th,2018,1771,9
1805,Final,2018,1897,3
1806,Final,2018,3518,5
1807,Final,2018,3816,9
1808,Final,2018,6502,5
1809,SemiFinal,2018,6680,3
1810,16th,2018,4181,1
1811,16th,2018,2184,1
1812,SemiFinal,2018,4780,10
1813,16th,2018,4260,4
1814,16th,2018,6429,8
1815,SemiFinal,2018,5205,3
1816,SemiFinal,2018,1809,4
1817,16th,2018,9569,6
1818,16th,2018,4162,6
1819,quarter_final,2018,7227,2
1820,Final,2018,4876,2
1821,16th,2018,2212,5
1822,16th,2018,9437,9
1823,Final,2018,2500,1
1824,SemiFinal,2018,9843,8
1825,16th,2018,6083,4
1826,SemiFinal,2018,4197,6
1827,quarter_final,2018,9397,9
1828,SemiFinal,2018,5742,10
1829,16th,2018,5937,4
1830,Final,2018,9011,8
1831,SemiFinal,2018,1433,7
1832,16th,2018,5392,2
1833,16th,2018,4747,10
1834,SemiFinal,2018,8950,5
1835,quarter_final,2018,9989,9
1836,Final,2018,2494,9
1837,Final,2018,3114,6
1838,SemiFinal,2018,4454,4
1839,SemiFinal,2018,8385,8
1840,Final,2018,3084,3
1841,16th,2018,5990,7
1842,Final,2018,3589,1
1843,SemiFinal,2018,5438,6
1844,Final,2018,5612,6
1845,quarter_final,2018,9971,3
1846,Final,2018,9911,10
1847,Final,2018,4457,1
1848,Final,2018,5207,9
1849,16th,2018,2722,4
1850,SemiFinal,2018,5859,1
1851,quarter_final,2018,3924,3
1852,SemiFinal,2018,2353,7
1853,SemiFinal,2018,4591,10
1854,Final,2018,8818,2
1855,quarter_final,2018,9653,9
1856,quarter_final,2018,4508,7
1857,SemiFinal,2018,5563,10
1858,Final,2018,1925,4
1859,16th,2018,3212,6
1860,quarter_final,2018,9125,7
1861,Final,2018,2293,5
1862,quarter_final,2018,7628,3
1863,quarter_final,2018,7333,4
1864,SemiFinal,2018,4149,6
1865,quarter_final,2018,9594,8
1866,Final,2018,7753,4
1867,Final,2018,9487,4
1868,SemiFinal,2018,7760,5
1869,Final,2018,8014,5
1870,16th,2018,6507,3
1871,quarter_final,2018,9992,7
1872,16th,2018,2185,2
1873,quarter_final,2018,4494,8
1874,Final,2018,6543,3
1875,quarter_final,2018,6686,10
1876,Final,2018,1966,4
1877,Final,2018,8076,8
1878,quarter_final,2018,5522,7
1879,Final,2018,4339,6
1880,16th,2018,5727,7
1881,16th,2018,3302,10
1882,quarter_final,2018,2506,10
1883,Final,2018,9078,3
1884,SemiFinal,2018,1041,6
1885,quarter_final,2018,7652,5
1886,quarter_final,2018,5755,5
1887,quarter_final,2018,3713,6
1888,Final,2018,8209,3
1889,Final,2018,5244,8
1890,SemiFinal,2018,1493,8
1891,Final,2018,6364,5
1892,SemiFinal,2018,6540,5
1893,16th,2018,4827,6
1894,SemiFinal,2018,2595,1
1895,16th,2018,1140,1
1896,SemiFinal,2018,1163,8
1897,quarter_final,2018,3178,4
1898,quarter_final,2018,7064,6
1899,16th,2018,4624,2
1900,16th,2018,3715,6
1901,quarter_final,2018,2250,1
1902,SemiFinal,2018,9514,10
1903,quarter_final,2018,2969,8
1904,SemiFinal,2018,9482,6
1905,16th,2018,8862,6
1906,quarter_final,2018,9033,6
1907,Final,2018,7284,2
1908,Final,2018,2213,1
1909,quarter_final,2018,4173,6
1910,quarter_final,2018,1657,5
1911,Final,2018,9295,7
1912,quarter_final,2018,4526,6
1913,Final,2018,3720,4
1914,quarter_final,2018,5827,4
1915,SemiFinal,2018,8965,10
1916,Final,2018,8218,8
1917,Final,2018,6726,2
1918,SemiFinal,2018,6684,8
1919,SemiFinal,2018,8006,3
1920,Final,2018,2840,6
1921,SemiFinal,2018,8218,6
1922,quarter_final,2018,9515,5
1923,16th,2018,2127,1
1924,SemiFinal,2018,1790,5
1925,Final,2018,6925,1
1926,Final,2018,8462,7
1927,16th,2018,8051,3
1928,16th,2018,9661,10
1929,quarter_final,2018,1270,6
1930,16th,2018,4415,5
1931,SemiFinal,2018,4692,3
1932,Final,2018,7173,4
1933,Final,2018,9306,7
1934,16th,2018,3568,8
1935,quarter_final,2018,8569,10
1936,SemiFinal,2018,7186,10
1937,Final,2018,4353,2
1938,SemiFinal,2018,1422,5
1939,quarter_final,2018,5540,2
1940,SemiFinal,2018,3973,7
1941,quarter_final,2018,4832,8
1942,16th,2018,8858,7
1943,quarter_final,2018,4295,7
1944,16th,2018,8135,8
1945,SemiFinal,2018,8957,2
1946,Final,2018,7115,5
1947,16th,2018,9212,4
1948,quarter_final,2018,8167,3
1949,16th,2018,2946,10
1950,16th,2018,6304,9
1951,16th,2018,4280,7
1952,16th,2018,2749,3
1953,Final,2018,3217,2
1954,Final,2018,7610,9
1955,SemiFinal,2018,6146,8
1956,16th,2018,2415,8
1957,Final,2018,8928,7
1958,Final,2018,6079,1
1959,SemiFinal,2018,5221,4
1960,SemiFinal,2018,4952,9
1961,Final,2018,3785,2
1962,Final,2018,7218,2
1963,SemiFinal,2018,1758,6
1964,Final,2018,1152,2
1965,SemiFinal,2018,2473,2
1966,SemiFinal,2018,5478,4
1967,16th,2018,2955,6
1968,SemiFinal,2018,7766,2
1969,Final,2018,7908,5
1970,SemiFinal,2018,9354,5
1971,SemiFinal,2018,4770,8
1972,quarter_final,2018,1386,2
1973,quarter_final,2018,9465,5
1974,Final,2018,5687,6
1975,quarter_final,2018,1250,7
1976,quarter_final,2018,2382,5
1977,SemiFinal,2018,4047,8
1978,SemiFinal,2018,3429,10
1979,16th,2018,9409,4
1980,SemiFinal,2018,6261,10
1981,quarter_final,2018,8988,7
1982,SemiFinal,2018,8124,2
1983,16th,2018,2122,4
1984,Final,2018,2355,6
1985,SemiFinal,2018,7077,3
1986,SemiFinal,2018,1775,3
1987,quarter_final,2018,3265,4
1988,quarter_final,2018,7971,3
1989,SemiFinal,2018,5095,7
1990,quarter_final,2018,4859,3
1991,16th,2018,9350,3
1992,Final,2018,7247,3
1993,SemiFinal,2018,5449,4
1994,Final,2018,9246,8
1995,SemiFinal,2018,8844,1
1996,SemiFinal,2018,1330,3
1997,quarter_final,2018,9796,9
1998,16th,2018,5291,6
1999,16th,2018,4307,2
2000,Final,2018,7825,6
2001,Final,2018,5881,3
2002,16th,2018,4010,3
2003,SemiFinal,2018,8209,3
2004,16th,2018,7472,6
2005,quarter_final,2018,6294,8
2006,quarter_final,2018,9621,3
2007,SemiFinal,2018,7473,1
2008,16th,2018,3416,4
2009,16th,2018,7524,2
2010,Final,2018,4446,8
2011,SemiFinal,2018,4942,7
2012,Final,2018,9918,9
2013,SemiFinal,2018,8759,2
2014,16th,2018,5068,6
2015,quarter_final,2018,6240,6
2016,SemiFinal,2018,7887,5
2017,SemiFinal,2018,2699,1
2018,16th,2018,8597,2
2019,SemiFinal,2018,1712,5
2020,SemiFinal,2018,3614,7
2021,SemiFinal,2018,8287,6
2022,Final,2018,8590,2
2023,SemiFinal,2018,3475,5
2024,Final,2018,6791,7
2025,quarter_final,2018,1090,7
2026,Final,2018,3102,3
2027,quarter_final,2018,8080,2
2028,SemiFinal,2018,9877,1
2029,SemiFinal,2018,1159,7
2030,quarter_final,2018,1777,4
2031,quarter_final,2018,8286,3
2032,16th,2018,3600,8
2033,SemiFinal,2018,7254,9
2034,SemiFinal,2018,3593,1
2035,Final,2018,1847,4
2036,16th,2018,9547,4
2037,quarter_final,2018,2056,8
2038,16th,2018,5696,4
2039,SemiFinal,2018,9418,5
2040,Final,2018,2137,9
2041,Final,2018,6998,4
2042,Final,2018,5144,2
2043,SemiFinal,2018,2825,5
2044,SemiFinal,2018,7327,4
2045,Final,2018,8136,8
2046,quarter_final,2018,4876,1
2047,SemiFinal,2018,9175,6
2048,16th,2018,6596,2
2049,Final,2018,7581,7
2050,Final,2018,7440,7
2051,Final,2018,2419,9
2052,Final,2018,7700,9
2053,Final,2018,9140,8
2054,16th,2018,5523,2
2055,quarter_final,2018,5287,4
2056,16th,2018,6076,8
2057,Final,2018,5166,10
2058,SemiFinal,2018,9606,6
2059,16th,2018,5223,2
2060,SemiFinal,2018,5967,9
2061,SemiFinal,2018,2749,3
2062,SemiFinal,2018,4629,4
2063,Final,2018,8480,4
2064,16th,2018,5615,2
2065,quarter_final,2018,2669,5
2066,16th,2018,7099,10
2067,quarter_final,2018,2998,9
2068,quarter_final,2018,1135,7
2069,SemiFinal,2018,8182,9
2070,SemiFinal,2018,1331,10
2071,16th,2018,7112,3
2072,SemiFinal,2018,3732,8
2073,Final,2018,6643,7
2074,Final,2018,8497,5
2075,16th,2018,1748,6
2076,Final,2018,4284,9
2077,Final,2018,9995,10
2078,quarter_final,2018,5511,3
2079,SemiFinal,2018,9986,5
2080,SemiFinal,2018,8983,5
2081,Final,2018,7673,5
2082,16th,2018,8404,10
2083,SemiFinal,2018,9454,4
2084,SemiFinal,2018,8745,7
2085,Final,2018,5234,2
2086,Final,2018,8136,9
2087,16th,2018,8014,6
2088,SemiFinal,2018,8121,7
2089,Final,2018,2394,3
2090,16th,2018,6043,10
2091,SemiFinal,2018,1558,2
2092,Final,2018,9483,1
2093,SemiFinal,2018,7963,8
2094,16th,2018,1747,8
2095,Final,2018,1284,5
2096,Final,2018,5361,3
2097,Final,2018,1356,1
2098,Final,2018,2853,9
2099,16th,2018,8915,6
2100,Final,2018,8880,9
2101,SemiFinal,2018,9866,9
2102,quarter_final,2018,7227,8
2103,quarter_final,2018,2448,9
2104,quarter_final,2018,5086,9
2105,SemiFinal,2018,2334,8
2106,SemiFinal,2018,8700,3
2107,Final,2018,5196,10
2108,quarter_final,2018,8497,2
2109,quarter_final,2018,1939,6
2110,16th,2018,3179,3
2111,16th,2018,8613,8
2112,SemiFinal,2018,4131,1
2113,SemiFinal,2018,3258,2
2114,16th,2018,5270,10
2115,Final,2018,1645,7
2116,SemiFinal,2018,8289,8
2117,Final,2018,7108,8
2118,quarter_final,2018,7567,9
2119,SemiFinal,2018,4589,2
2120,quarter_final,2018,6970,7
2121,quarter_final,2018,5251,9
2122,quarter_final,2018,8447,7
2123,Final,2018,1223,2
2124,quarter_final,2018,7228,5
2125,Final,2018,3445,8
2126,16th,2018,3351,9
2127,SemiFinal,2018,4822,4
2128,quarter_final,2018,4138,7
2129,SemiFinal,2018,5638,6
2130,quarter_final,2018,3617,6
2131,SemiFinal,2018,1083,6
2132,Final,2018,9602,4
2133,16th,2018,5441,7
2134,quarter_final,2018,3068,8
2135,quarter_final,2018,4829,3
2136,quarter_final,2018,5882,9
2137,SemiFinal,2018,3580,3
2138,quarter_final,2018,5886,8
2139,Final,2018,8829,8
2140,SemiFinal,2018,7418,8
2141,SemiFinal,2018,9677,6
2142,SemiFinal,2018,7530,3
2143,SemiFinal,2018,5565,3
2144,16th,2018,5533,10
2145,quarter_final,2018,6468,6
2146,Final,2018,2385,4
2147,16th,2018,4092,8
2148,quarter_final,2018,2880,1
2149,quarter_final,2018,7342,5
2150,SemiFinal,2018,4213,1
2151,SemiFinal,2018,6152,9
2152,quarter_final,2018,1012,8
2153,SemiFinal,2018,1812,7
2154,SemiFinal,2018,9873,6
2155,16th,2018,3159,4
2156,Final,2018,6344,3
2157,quarter_final,2018,7046,6
2158,16th,2018,8301,3
2159,Final,2018,8818,2
2160,16th,2018,2399,4
2161,Final,2018,1399,2
2162,16th,2018,9293,5
2163,SemiFinal,2018,8896,7
2164,quarter_final,2018,9113,9
2165,SemiFinal,2018,6951,5
2166,quarter_final,2018,7186,2
2167,Final,2018,9188,6
2168,16th,2018,3117,8
2169,quarter_final,2018,9055,7
2170,SemiFinal,2018,7306,9
2171,quarter_final,2018,3995,1
2172,SemiFinal,2018,2075,3
2173,Final,2018,6388,9
2174,SemiFinal,2018,7945,7
2175,Final,2018,2685,2
2176,SemiFinal,2018,1024,2
2177,16th,2018,4172,6
2178,16th,2018,3297,8
2179,Final,2018,6502,7
2180,16th,2018,7370,6
2181,quarter_final,2018,1118,4
2182,quarter_final,2018,2222,5
2183,quarter_final,2018,2474,5
2184,16th,2018,5331,9
2185,16th,2018,1993,1
2186,16th,2018,7042,2
2187,16th,2018,7826,3
2188,quarter_final,2018,1034,3
2189,Final,2018,8091,2
2190,16th,2018,4352,4
2191,SemiFinal,2018,5230,4
2192,16th,2018,6772,8
2193,Final,2018,4716,10
2194,SemiFinal,2018,9429,5
2195,SemiFinal,2018,5623,3
2196,Final,2018,2713,8
2197,quarter_final,2018,3535,4
2198,16th,2018,7681,6
2199,SemiFinal,2018,3544,7
2200,16th,2018,4475,2
2201,SemiFinal,2018,2980,6
2202,16th,2018,5476,1
2203,Final,2018,6866,1
2204,Final,2018,2137,10
2205,16th,2018,2094,6
2206,Final,2018,6835,5
2207,Final,2018,8194,5
2208,quarter_final,2018,3265,1
2209,quarter_final,2018,1668,1
2210,SemiFinal,2018,1346,3
2211,quarter_final,2018,9489,1
2212,Final,2018,1459,8
2213,Final,2018,9022,2
2214,16th,2018,2325,1
2215,16th,2018,8847,6
2216,16th,2018,2194,8
2217,16th,2018,5902,6
2218,16th,2018,9520,5
2219,SemiFinal,2018,5372,7
2220,SemiFinal,2018,1390,2
2221,quarter_final,2018,8504,3
2222,Final,2018,3397,3
2223,16th,2018,5403,6
2224,SemiFinal,2018,3940,5
2225,quarter_final,2018,2143,2
2226,Final,2018,1203,6
2227,Final,2018,3508,8
2228,quarter_final,2018,6910,1
2229,SemiFinal,2018,7262,8
2230,quarter_final,2018,5964,6
2231,quarter_final,2018,9821,10
2232,16th,2018,6055,7
2233,16th,2018,6216,6
2234,16th,2018,4736,3
2235,SemiFinal,2018,5222,2
2236,16th,2018,4438,6
2237,Final,2018,1717,10
2238,quarter_final,2018,9838,6
2239,SemiFinal,2018,2047,3
2240,quarter_final,2018,6979,1
2241,quarter_final,2018,2114,9
2242,quarter_final,2018,5041,10
2243,16th,2018,7151,6
2244,Final,2018,8071,5
2245,16th,2018,8931,4
2246,quarter_final,2018,9927,2
2247,Final,2018,6187,7
2248,16th,2018,8614,7
2249,16th,2018,1759,2
2250,quarter_final,2018,7030,6
2251,SemiFinal,2018,9280,3
2252,quarter_final,2018,4119,10
2253,Final,2018,3832,9
2254,SemiFinal,2018,2104,8
2255,SemiFinal,2018,5127,1
2256,quarter_final,2018,4092,3
2257,16th,2018,6486,4
2258,Final,2018,6453,6
2259,quarter_final,2018,6563,6
2260,Final,2018,6708,4
2261,16th,2018,6711,8
2262,16th,2018,6480,5
2263,Final,2018,9136,9
2264,16th,2018,4317,5
2265,16th,2018,1030,1
2266,SemiFinal,2018,6754,2
2267,Final,2018,1282,1
2268,16th,2018,9519,2
2269,quarter_final,2018,4445,2
2270,Final,2018,8380,5
2271,quarter_final,2018,8793,3
2272,16th,2018,4387,9
2273,Final,2018,6400,4
2274,16th,2018,3465,7
2275,Final,2018,8678,4
2276,SemiFinal,2018,9219,7
2277,Final,2018,3008,2
2278,Final,2018,9232,2
2279,16th,2018,7827,1
2280,Final,2018,9522,2
2281,16th,2018,1872,7
2282,16th,2018,3992,6
2283,16th,2018,8988,3
2284,Final,2018,2595,8
2285,16th,2018,2656,7
2286,quarter_final,2018,9836,1
2287,Final,2018,3429,7
2288,Final,2018,2519,2
2289,SemiFinal,2018,7260,10
2290,16th,2018,9406,9
2291,SemiFinal,2018,9519,6
2292,Final,2018,4824,6
2293,16th,2018,8304,6
2294,SemiFinal,2018,5537,7
2295,Final,2018,8876,1
2296,quarter_final,2018,4674,5
2297,SemiFinal,2018,4290,8
2298,quarter_final,2018,9519,8
2299,Final,2018,6060,7
2300,quarter_final,2018,7849,3
2301,quarter_final,2018,3083,4
2302,Final,2018,5970,10
2303,Final,2018,6875,2
2304,SemiFinal,2018,6397,1
2305,quarter_final,2018,6468,10
2306,quarter_final,2018,4583,7
2307,Final,2018,4712,3
2308,16th,2018,2697,5
2309,Final,2018,7018,6
2310,16th,2018,2924,2
2311,SemiFinal,2018,8947,1
2312,Final,2018,2723,10
2313,SemiFinal,2018,2830,1
2314,Final,2018,2154,9
2315,SemiFinal,2018,8754,9
2316,SemiFinal,2018,2877,5
2317,Final,2018,8667,2
2318,16th,2018,4087,9
2319,quarter_final,2018,4746,6
2320,quarter_final,2018,3362,7
2321,SemiFinal,2018,2229,8
2322,SemiFinal,2018,1995,9
2323,SemiFinal,2018,3214,5
2324,SemiFinal,2018,2876,5
2325,Final,2018,6010,9
2326,SemiFinal,2018,4683,7
2327,Final,2018,2198,3
2328,Final,2018,3945,8
2329,quarter_final,2018,2680,1
2330,quarter_final,2018,8162,9
2331,16th,2018,9591,2
2332,quarter_final,2018,9886,7
2333,quarter_final,2018,2459,2
2334,quarter_final,2018,5620,9
2335,SemiFinal,2018,5785,3
2336,SemiFinal,2018,6044,9
2337,16th,2018,2777,9
2338,16th,2018,7221,7
2339,quarter_final,2018,9258,5
2340,quarter_final,2018,1622,8
2341,Final,2018,3237,9
2342,quarter_final,2018,9943,8
2343,quarter_final,2018,2862,9
2344,SemiFinal,2018,3700,9
2345,Final,2018,1748,6
2346,quarter_final,2018,5441,4
2347,16th,2018,4560,2
2348,16th,2018,4929,10
2349,Final,2018,5655,1
2350,quarter_final,2018,5611,2
2351,SemiFinal,2018,8137,8
2352,SemiFinal,2018,6520,4
2353,quarter_final,2018,6765,4
2354,SemiFinal,2018,8103,6
2355,16th,2018,2851,2
2356,16th,2018,5101,10
2357,16th,2018,4420,4
2358,16th,2018,5713,3
2359,16th,2018,3129,2
2360,Final,2018,2279,8
2361,Final,2018,5100,3
2362,SemiFinal,2018,6608,2
2363,quarter_final,2018,2742,6
2364,quarter_final,2018,4539,1
2365,quarter_final,2018,3417,9
2366,16th,2018,3397,4
2367,quarter_final,2018,7832,6
2368,SemiFinal,2018,5932,3
2369,Final,2018,3043,10
2370,SemiFinal,2018,6249,3
2371,SemiFinal,2018,8240,6
2372,SemiFinal,2018,8558,8
2373,quarter_final,2018,2012,3
2374,quarter_final,2018,1756,6
2375,SemiFinal,2018,7544,7
2376,Final,2018,6018,1
2377,SemiFinal,2018,9790,8
2378,quarter_final,2018,5192,8
2379,quarter_final,2018,1720,9
2380,16th,2018,9403,2
2381,Final,2018,2045,4
2382,quarter_final,2018,1653,10
2383,quarter_final,2018,1558,7
2384,Final,2018,5878,1
2385,SemiFinal,2018,9800,4
2386,16th,2018,2574,2
2387,16th,2018,1697,10
2388,SemiFinal,2018,6984,10
2389,SemiFinal,2018,1408,8
2390,Final,2018,2169,9
2391,quarter_final,2018,3218,6
2392,SemiFinal,2018,5360,8
2393,16th,2018,8979,8
2394,16th,2018,9884,9
2395,SemiFinal,2018,5070,1
2396,Final,2018,9629,2
2397,SemiFinal,2018,6920,8
2398,SemiFinal,2018,5059,7
2399,SemiFinal,2018,3291,7
2400,Final,2018,8034,3
2401,16th,2018,7007,4
2402,Final,2018,8190,8
2403,Final,2018,1598,1
2404,quarter_final,2018,6614,3
2405,16th,2018,6052,8
2406,Final,2018,3728,10
2407,SemiFinal,2018,3350,3
2408,Final,2018,5872,4
2409,16th,2018,1040,1
2410,SemiFinal,2018,1380,7
2411,quarter_final,2018,8656,2
2412,16th,2018,1263,9
2413,SemiFinal,2018,3708,5
2414,16th,2018,8465,2
2415,SemiFinal,2018,3030,9
2416,quarter_final,2018,7863,1
2417,quarter_final,2018,1307,8
2418,Final,2018,8212,5
2419,16th,2018,9590,5
2420,Final,2018,5871,8
2421,quarter_final,2018,3515,2
2422,16th,2018,8053,4
2423,Final,2018,1659,7
2424,SemiFinal,2018,5247,9
2425,Final,2018,7007,8
2426,Final,2018,7146,10
2427,SemiFinal,2018,3972,4
2428,Final,2018,2054,8
2429,SemiFinal,2018,5981,10
2430,SemiFinal,2018,1696,8
2431,SemiFinal,2018,2119,10
2432,16th,2018,6082,2
2433,Final,2018,8999,7
2434,Final,2018,8569,3
2435,quarter_final,2018,8152,10
2436,quarter_final,2018,8240,3
2437,SemiFinal,2018,5008,9
2438,SemiFinal,2018,7391,2
2439,SemiFinal,2018,3275,5
2440,SemiFinal,2018,1827,10
2441,quarter_final,2018,1590,5
2442,Final,2018,6863,4
2443,Final,2018,2546,5
2444,16th,2018,1329,2
2445,quarter_final,2018,7662,9
2446,16th,2018,3098,10
2447,16th,2018,1492,9
2448,16th,2018,2576,6
2449,quarter_final,2018,6200,9
2450,quarter_final,2018,5486,2
2451,16th,2018,5236,1
2452,quarter_final,2018,7103,4
2453,Final,2018,3056,5
2454,16th,2018,1506,2
2455,quarter_final,2018,5155,10
2456,SemiFinal,2018,6561,7
2457,SemiFinal,2018,6774,1
2458,Final,2018,8942,9
2459,16th,2018,4698,4
2460,16th,2018,4012,6
2461,Final,2018,2459,9
2462,Final,2018,2337,4
2463,Final,2018,2159,8
2464,16th,2018,4911,9
2465,quarter_final,2018,2953,7
2466,SemiFinal,2018,8804,8
2467,SemiFinal,2018,9945,3
2468,Final,2018,4522,3
2469,Final,2018,9902,6
2470,16th,2018,9701,3
2471,16th,2018,2123,3
2472,quarter_final,2018,3110,10
2473,quarter_final,2018,8092,4
2474,16th,2018,8215,6
2475,quarter_final,2018,5083,1
2476,SemiFinal,2018,3605,8
2477,quarter_final,2018,2400,5
2478,quarter_final,2018,8773,8
2479,Final,2018,4909,2
2480,16th,2018,9236,6
2481,16th,2018,5533,5
2482,16th,2018,4334,5
2483,Final,2018,1384,1
2484,16th,2018,9773,3
2485,quarter_final,2018,5924,8
2486,16th,2018,8939,7
2487,SemiFinal,2018,8059,8
2488,quarter_final,2018,9073,7
2489,16th,2018,6131,9
2490,quarter_final,2018,4260,3
2491,16th,2018,9669,1
2492,Final,2018,6041,6
2493,SemiFinal,2018,5336,4
2494,16th,2018,9689,6
2495,Final,2018,2911,6
2496,Final,2018,1621,2
2497,SemiFinal,2018,1504,10
2498,16th,2018,1725,10
2499,quarter_final,2018,2839,6
2500,16th,2018,8718,6
2501,quarter_final,2018,5080,2
2502,Final,2018,8254,3
2503,16th,2018,2611,4
2504,SemiFinal,2018,5686,6
2505,quarter_final,2018,5767,10
2506,SemiFinal,2018,8583,9
2507,Final,2018,3055,8
2508,SemiFinal,2018,4343,10
2509,Final,2018,9765,9
2510,16th,2018,2943,9
2511,Final,2018,5540,9
2512,SemiFinal,2018,7496,9
2513,SemiFinal,2018,6517,5
2514,quarter_final,2018,7571,2
2515,quarter_final,2018,7366,1
2516,Final,2018,8107,5
2517,quarter_final,2018,9491,10
2518,quarter_final,2018,3534,3
2519,Final,2018,4745,7
2520,Final,2018,6515,6
2521,Final,2018,2626,3
2522,Final,2018,1985,9
2523,Final,2018,9649,7
2524,16th,2018,4827,9
2525,SemiFinal,2018,6205,10
2526,16th,2018,2006,6
2527,SemiFinal,2018,2388,3
2528,quarter_final,2018,1114,4
2529,16th,2018,8832,9
2530,Final,2018,9856,10
2531,quarter_final,2018,4565,10
2532,SemiFinal,2018,7689,6
2533,Final,2018,7778,3
2534,quarter_final,2018,2245,1
2535,SemiFinal,2018,3510,10
2536,16th,2018,2294,8
2537,16th,2018,3281,7
2538,16th,2018,5940,10
2539,Final,2018,7082,4
2540,quarter_final,2018,7427,9
2541,16th,2018,7443,7
2542,16th,2018,1689,9
2543,Final,2018,9574,10
2544,quarter_final,2018,6607,7
2545,SemiFinal,2018,8316,5
2546,Final,2018,9326,10
2547,16th,2018,6578,5
2548,quarter_final,2018,7967,8
2549,SemiFinal,2018,3665,2
2550,SemiFinal,2018,1381,2
2551,SemiFinal,2018,8721,5
2552,Final,2018,6389,6
2553,SemiFinal,2018,3135,7
2554,Final,2018,3248,6
2555,Final,2018,3218,9
2556,quarter_final,2018,3829,7
2557,16th,2018,8785,2
2558,SemiFinal,2018,7386,4
2559,quarter_final,2018,3529,3
2560,SemiFinal,2018,5607,8
2561,16th,2018,4949,2
2562,Final,2018,8687,8
2563,quarter_final,2018,3862,4
2564,16th,2018,3872,7
2565,Final,2018,4458,7
2566,SemiFinal,2018,5519,1
2567,Final,2018,3305,2
2568,16th,2018,5267,6
2569,SemiFinal,2018,9328,1
2570,quarter_final,2018,8905,2
2571,quarter_final,2018,3888,6
2572,quarter_final,2018,9789,3
2573,Final,2018,2595,6
2574,quarter_final,2018,2826,2
2575,Final,2018,2981,3
2576,16th,2018,8918,6
2577,16th,2018,5486,4
2578,Final,2018,4725,10
2579,Final,2018,1280,8
2580,quarter_final,2018,4427,1
2581,quarter_final,2018,9401,1
2582,16th,2018,5861,5
2583,Final,2018,2310,9
2584,SemiFinal,2018,4576,9
2585,quarter_final,2018,8279,4
2586,Final,2018,5798,2
2587,16th,2018,7995,9
2588,Final,2018,9018,8
2589,SemiFinal,2018,5454,6
2590,SemiFinal,2018,7386,8
2591,16th,2018,9523,4
2592,quarter_final,2018,7835,8
2593,16th,2018,6539,3
2594,Final,2018,7544,7
2595,16th,2018,3671,4
2596,quarter_final,2018,8557,5
2597,quarter_final,2018,3738,3
2598,quarter_final,2018,8176,9
2599,quarter_final,2018,4015,3
2600,16th,2018,9609,10
2601,16th,2018,3831,10
2602,SemiFinal,2018,4898,10
2603,16th,2018,9668,5
2604,16th,2018,8665,9
2605,quarter_final,2018,6228,9
2606,quarter_final,2018,1028,9
2607,16th,2018,1328,7
2608,SemiFinal,2018,4817,10
2609,16th,2018,9480,4
2610,16th,2018,4971,4
2611,16th,2018,6668,6
2612,SemiFinal,2018,6237,7
2613,SemiFinal,2018,5367,6
2614,quarter_final,2018,3553,3
2615,Final,2018,4276,8
2616,16th,2018,3187,1
2617,16th,2018,5500,4
2618,16th,2018,5950,4
2619,SemiFinal,2018,8034,3
2620,16th,2018,5448,3
2621,16th,2018,7809,10
2622,quarter_final,2018,6642,1
2623,16th,2018,6461,2
2624,16th,2018,6399,1
2625,SemiFinal,2018,5319,1
2626,16th,2018,8542,2
2627,16th,2018,6981,1
2628,SemiFinal,2018,6598,7
2629,quarter_final,2018,4222,3
2630,quarter_final,2018,6915,6
2631,SemiFinal,2018,8292,5
2632,16th,2018,7499,6
2633,16th,2018,2794,1
2634,quarter_final,2018,5035,3
2635,Final,2018,6940,5
2636,16th,2018,1068,4
2637,Final,2018,6752,3
2638,Final,2018,4613,4
2639,quarter_final,2018,6688,1
2640,quarter_final,2018,9707,2
2641,quarter_final,2018,8796,6
2642,16th,2018,9660,7
2643,quarter_final,2018,2690,7
2644,16th,2018,7079,4
2645,16th,2018,8009,9
2646,Final,2018,2679,4
2647,16th,2018,5528,5
2648,Final,2018,7567,8
2649,16th,2018,4692,7
2650,SemiFinal,2018,4500,3
2651,SemiFinal,2018,4146,9
2652,Final,2018,2514,2
2653,Final,2018,6789,1
2654,Final,2018,8574,3
2655,Final,2018,3715,7
2656,16th,2018,3090,10
2657,Final,2018,1467,10
2658,16th,2018,9862,10
2659,16th,2018,9394,1
2660,quarter_final,2018,1062,2
2661,16th,2018,2163,1
2662,Final,2018,8294,4
2663,16th,2018,9797,10
2664,quarter_final,2018,3413,4
2665,quarter_final,2018,4485,2
2666,Final,2018,3241,9
2667,16th,2018,6298,6
2668,16th,2018,7744,7
2669,quarter_final,2018,4700,4
2670,SemiFinal,2018,9999,9
2671,quarter_final,2018,8804,1
2672,quarter_final,2018,2729,4
2673,16th,2018,3848,9
2674,16th,2018,1437,6
2675,16th,2018,8781,9
2676,Final,2018,4231,5
2677,16th,2018,6409,5
2678,quarter_final,2018,3425,6
2679,Final,2018,5301,6
